                  epoch,         train/box_loss,         train/cls_loss,         train/dfl_loss,   metrics/precision(B),      metrics/recall(B),       metrics/mAP50(B),    metrics/mAP50-95(B),           val/box_loss,           val/cls_loss,           val/dfl_loss,                 lr/pg0,                 lr/pg1,                 lr/pg2
                      1,                0.47384,                0.32322,                0.82419,                 0.9959,                0.99958,                  0.995,                0.88332,                0.36189,                0.21594,                0.77393,              0.0004057,              0.0004057,              0.0004057
                      2,                0.43334,                0.26831,                0.81113,                 0.9981,                      1,                  0.995,                0.89474,                0.36907,                0.21213,                0.77104,             0.00081965,             0.00081965,             0.00081965
                      3,                0.42317,                 0.2684,                0.80615,                0.99858,                      1,                  0.995,                 0.9005,                0.33638,                0.22264,                0.76877,              0.0012309,              0.0012309,              0.0012309
                      4,                0.42599,                 0.2691,                0.80669,                0.99828,                      1,                  0.995,                0.87185,                0.37694,                0.21888,                0.77266,              0.0012376,              0.0012376,              0.0012376
                      5,                0.42282,                0.25973,                0.81085,                 0.9964,                      1,                  0.995,                0.89965,                 0.3654,                0.21076,                0.77094,              0.0012376,              0.0012376,              0.0012376
                      6,                0.42303,                0.26422,                0.81194,                0.99812,                      1,                  0.995,                0.89294,                0.34075,                0.21347,                0.76874,              0.0012335,              0.0012335,              0.0012335
                      7,                 0.4123,                0.25767,                0.80982,                0.99231,                 0.9992,                  0.995,                0.90093,                0.35227,                0.22621,                0.76919,              0.0012294,              0.0012294,              0.0012294
                      8,                0.42674,                 0.2579,                0.81037,                0.99743,                      1,                  0.995,                 0.8776,                0.36503,                0.21341,                0.77183,              0.0012252,              0.0012252,              0.0012252
                      9,                0.41927,                0.25562,                0.80467,                0.99926,                      1,                  0.995,                0.90738,                0.31295,                0.19661,                0.76542,              0.0012211,              0.0012211,              0.0012211
                     10,                0.41915,                0.25188,                0.80415,                0.99851,                      1,                  0.995,                0.90103,                0.34226,                0.20662,                0.76823,               0.001217,               0.001217,               0.001217
                     11,                0.41741,                0.25981,                0.81258,                0.99402,                      1,                  0.995,                0.88575,                0.36839,                0.22211,                0.77115,              0.0012129,              0.0012129,              0.0012129
                     12,                0.41536,                0.25154,                0.80692,                0.99807,                      1,                  0.995,                0.89078,                0.34747,                0.20229,                0.76982,              0.0012087,              0.0012087,              0.0012087
                     13,                0.41465,                0.25523,                0.80491,                0.99854,                      1,                  0.995,                0.89683,                0.33722,                0.20736,                0.76561,              0.0012046,              0.0012046,              0.0012046
                     14,                0.41955,                0.25485,                0.80896,                 0.9979,                      1,                  0.995,                0.90451,                0.33134,                0.19571,                0.76699,              0.0012005,              0.0012005,              0.0012005
                     15,                0.40469,                0.25021,                0.80499,                0.99783,                      1,                  0.995,                0.90547,                0.32492,                0.20153,                0.76632,              0.0011964,              0.0011964,              0.0011964
                     16,                0.41214,                0.25309,                0.80656,                0.99775,                      1,                  0.995,                0.89444,                0.32809,                0.19977,                0.76678,              0.0011922,              0.0011922,              0.0011922
                     17,                0.41702,                0.25922,                0.81035,                0.99678,                      1,                  0.995,                0.87967,                 0.3838,                0.23067,                0.77537,              0.0011881,              0.0011881,              0.0011881
                     18,                0.39503,                0.24515,                0.80186,                0.99815,                      1,                  0.995,                0.89815,                0.34647,                0.21686,                0.76909,               0.001184,               0.001184,               0.001184
                     19,                0.39992,                0.24534,                0.80252,                0.99829,                      1,                  0.995,                0.90081,                0.33237,                 0.2037,                0.76676,              0.0011799,              0.0011799,              0.0011799
                     20,                0.39162,                 0.2444,                0.80138,                0.99868,                      1,                  0.995,                0.88279,                 0.3441,                0.20028,                0.76973,              0.0011757,              0.0011757,              0.0011757
                     21,                0.39955,                0.24525,                0.80881,                0.99864,                      1,                  0.995,                0.87878,                0.33949,                0.20062,                0.76805,              0.0011716,              0.0011716,              0.0011716
                     22,                0.39825,                0.24078,                0.80145,                0.99844,                      1,                  0.995,                0.88159,                0.33802,                0.19104,                0.76804,              0.0011675,              0.0011675,              0.0011675
                     23,                0.40294,                0.23975,                 0.8078,                0.99771,                      1,                  0.995,                0.89691,                0.35433,                0.20596,                0.76842,              0.0011634,              0.0011634,              0.0011634
                     24,                0.41338,                0.24299,                0.80516,                 0.9982,                      1,                  0.995,                 0.8905,                0.34347,                0.19564,                0.76768,              0.0011593,              0.0011593,              0.0011593
                     25,                0.39246,                0.24297,                0.80337,                0.99818,                      1,                  0.995,                 0.8849,                0.33598,                0.19459,                 0.7675,              0.0011551,              0.0011551,              0.0011551
                     26,                0.39865,                0.24035,                 0.8032,                0.99857,                      1,                  0.995,                0.87579,                0.35447,                0.19407,                0.76808,               0.001151,               0.001151,               0.001151
                     27,                0.39916,                 0.2401,                 0.8006,                0.99859,                      1,                  0.995,                0.89819,                0.34315,                0.19831,                0.76668,              0.0011469,              0.0011469,              0.0011469
                     28,                0.39798,                0.23856,                0.80602,                0.99843,                      1,                  0.995,                0.89193,                0.34081,                0.19456,                0.76837,              0.0011428,              0.0011428,              0.0011428
                     29,                0.39057,                0.24265,                0.80341,                0.99852,                      1,                  0.995,                0.89297,                 0.3538,                0.19508,                0.76977,              0.0011386,              0.0011386,              0.0011386
                     30,                 0.3892,                0.23172,                0.80249,                0.99838,                      1,                  0.995,                0.90422,                0.34543,                0.19712,                0.76793,              0.0011345,              0.0011345,              0.0011345
                     31,                0.38726,                0.23617,                0.80329,                0.99841,                      1,                  0.995,                0.89982,                0.35366,                 0.1953,                 0.7708,              0.0011304,              0.0011304,              0.0011304
                     32,                0.38745,                0.23379,                0.80392,                0.99832,                      1,                  0.995,                0.87955,                0.34892,                0.20206,                0.76981,              0.0011263,              0.0011263,              0.0011263
                     33,                0.39261,                0.23809,                0.80334,                0.99821,                      1,                  0.995,                0.89597,                0.35373,                0.20764,                0.76881,              0.0011221,              0.0011221,              0.0011221
                     34,                0.39972,                0.23887,                0.80334,                0.99845,                      1,                  0.995,                0.87972,                0.34063,                0.19464,                0.76702,               0.001118,               0.001118,               0.001118
                     35,                0.38617,                0.23616,                0.80362,                0.99802,                      1,                  0.995,                0.90049,                0.32926,                0.20018,                0.76546,              0.0011139,              0.0011139,              0.0011139
                     36,                0.38874,                0.23556,                0.80429,                0.99866,                      1,                  0.995,                0.89638,                0.32489,                0.19196,                0.76566,              0.0011098,              0.0011098,              0.0011098
                     37,                0.39396,                0.24091,                0.80689,                0.99793,                      1,                  0.995,                0.90064,                0.33114,                0.19058,                0.76665,              0.0011056,              0.0011056,              0.0011056
                     38,                0.39844,                0.23962,                0.80807,                0.99808,                      1,                  0.995,                 0.8983,                0.34352,                0.19737,                0.76733,              0.0011015,              0.0011015,              0.0011015
                     39,                0.39611,                0.23525,                0.80499,                0.99842,                      1,                  0.995,                0.90446,                0.31083,                0.18804,                0.76349,              0.0010974,              0.0010974,              0.0010974
                     40,                0.38625,                0.23084,                0.80259,                0.99897,                      1,                  0.995,                0.89209,                0.33872,                0.19267,                0.76654,              0.0010933,              0.0010933,              0.0010933
                     41,                 0.3916,                0.23363,                0.80725,                0.99852,                      1,                  0.995,                0.88339,                0.35495,                0.19972,                 0.7685,              0.0010891,              0.0010891,              0.0010891
                     42,                0.37706,                0.22493,                0.80099,                0.99844,                      1,                  0.995,                0.90539,                0.33854,                0.18745,                0.76581,               0.001085,               0.001085,               0.001085
                     43,                0.39058,                0.23273,                0.80234,                0.99867,                      1,                  0.995,                0.88633,                0.34819,                0.19872,                0.76773,              0.0010809,              0.0010809,              0.0010809
                     44,                0.38646,                 0.2308,                0.80428,                0.99847,                      1,                  0.995,                0.89798,                0.33782,                0.18367,                0.76794,              0.0010768,              0.0010768,              0.0010768
                     45,                0.38046,                0.22766,                0.80253,                0.99848,                      1,                  0.995,                0.87973,                0.34749,                0.19336,                0.76982,              0.0010726,              0.0010726,              0.0010726
                     46,                0.39285,                0.22955,                0.80656,                0.99893,                      1,                  0.995,                 0.8724,                0.37326,                0.20096,                0.77236,              0.0010685,              0.0010685,              0.0010685
                     47,                0.38633,                0.22761,                0.79721,                0.99862,                      1,                  0.995,                0.88401,                0.35239,                0.19114,                0.76801,              0.0010644,              0.0010644,              0.0010644
                     48,                 0.3748,                0.22562,                0.79922,                0.99885,                      1,                  0.995,                0.87954,                0.34575,                0.18768,                0.76837,              0.0010603,              0.0010603,              0.0010603
                     49,                0.37939,                0.22919,                0.80097,                0.99706,                      1,                  0.995,                0.90904,                0.32555,                0.18951,                0.76639,              0.0010561,              0.0010561,              0.0010561
                     50,                0.37549,                0.22906,                0.80176,                0.99837,                      1,                  0.995,                0.87541,                0.33481,                 0.1969,                0.76791,               0.001052,               0.001052,               0.001052
                     51,                0.37524,                0.22501,                0.79955,                0.99898,                      1,                  0.995,                0.86863,                0.34216,                0.18621,                0.76831,              0.0010479,              0.0010479,              0.0010479
                     52,                0.37614,                0.22766,                0.80347,                0.99839,                      1,                  0.995,                0.87878,                0.34604,                0.19295,                0.76681,              0.0010438,              0.0010438,              0.0010438
                     53,                 0.3917,                0.22999,                0.80391,                0.99852,                      1,                  0.995,                0.90151,                0.34431,                0.18959,                0.76673,              0.0010396,              0.0010396,              0.0010396
                     54,                0.37458,                0.22583,                0.79685,                0.99824,                      1,                  0.995,                0.89538,                0.34671,                0.19356,                0.76785,              0.0010355,              0.0010355,              0.0010355
                     55,                0.38903,                0.23279,                0.80381,                0.99827,                      1,                  0.995,                0.87625,                0.34706,                  0.191,                0.76912,              0.0010314,              0.0010314,              0.0010314
                     56,                0.38095,                0.22799,                 0.8018,                0.99855,                      1,                  0.995,                0.89654,                0.34023,                0.19052,                0.76728,              0.0010273,              0.0010273,              0.0010273
                     57,                0.38368,                0.22731,                 0.8037,                 0.9986,                      1,                  0.995,                0.89059,                0.34221,                0.19098,                0.76791,              0.0010231,              0.0010231,              0.0010231
                     58,                0.37483,                0.22215,                0.80328,                0.99829,                      1,                  0.995,                0.88783,                0.34051,                0.19018,                0.76707,               0.001019,               0.001019,               0.001019
                     59,                 0.3753,                0.22259,                0.80278,                0.99854,                      1,                  0.995,                0.88571,                0.33599,                0.18731,                0.76497,              0.0010149,              0.0010149,              0.0010149
                     60,                0.37536,                0.21976,                0.79897,                0.99862,                      1,                  0.995,                 0.8975,                0.32024,                0.17634,                 0.7653,              0.0010107,              0.0010107,              0.0010107
                     61,                0.38217,                0.22241,                0.80223,                0.99843,                      1,                  0.995,                0.90282,                0.33585,                0.18461,                0.76558,              0.0010066,              0.0010066,              0.0010066
                     62,                0.36856,                0.22047,                 0.7978,                0.99849,                      1,                  0.995,                0.85809,                0.36994,                 0.1948,                 0.7727,              0.0010025,              0.0010025,              0.0010025
                     63,                 0.3782,                0.22794,                0.80501,                0.99852,                      1,                  0.995,                 0.9079,                0.34053,                0.19195,                0.76662,             0.00099837,             0.00099837,             0.00099837
                     64,                 0.3682,                0.22706,                0.80048,                0.99742,                      1,                  0.995,                0.89412,                0.33739,                0.19027,                0.76864,             0.00099425,             0.00099425,             0.00099425
                     65,                0.38319,                0.23282,                0.80206,                 0.9983,                      1,                  0.995,                0.90623,                0.33326,                0.19648,                0.76861,             0.00099013,             0.00099013,             0.00099013
                     66,                0.36854,                0.22562,                0.79677,                0.99845,                      1,                  0.995,                0.88979,                0.33478,                0.18389,                0.76718,               0.000986,               0.000986,               0.000986
                     67,                0.37528,                0.22859,                0.79996,                0.99858,                      1,                  0.995,                0.88692,                0.35891,                0.20221,                0.76974,             0.00098187,             0.00098187,             0.00098187
                     68,                0.36955,                0.22606,                0.79792,                0.99958,                      1,                  0.995,                0.89698,                0.33645,                0.18638,                0.76642,             0.00097775,             0.00097775,             0.00097775
                     69,                0.36562,                0.22514,                0.79838,                 0.9985,                      1,                  0.995,                  0.894,                0.32023,                0.19254,                0.76493,             0.00097362,             0.00097362,             0.00097362
                     70,                0.36931,                0.22337,                0.79993,                0.99874,                      1,                  0.995,                0.89285,                0.34538,                0.19498,                0.76753,              0.0009695,              0.0009695,              0.0009695
                     71,                0.36787,                  0.218,                0.80018,                0.99862,                      1,                  0.995,                0.89598,                0.33605,                0.18634,                0.76737,             0.00096537,             0.00096537,             0.00096537
                     72,                0.36911,                0.21787,                0.80459,                0.99871,                      1,                  0.995,                0.89014,                0.32396,                0.18081,                0.76516,             0.00096125,             0.00096125,             0.00096125
                     73,                0.38347,                0.22319,                 0.8002,                0.99937,                      1,                  0.995,                0.87481,                0.35188,                0.18874,                0.76928,             0.00095712,             0.00095712,             0.00095712
                     74,                0.37273,                0.22119,                0.80003,                0.99893,                      1,                  0.995,                 0.8911,                  0.332,                0.19129,                0.76643,               0.000953,               0.000953,               0.000953
                     75,                 0.3647,                 0.2159,                0.80157,                0.99835,                      1,                  0.995,                0.88907,                0.33668,                0.18453,                0.77019,             0.00094887,             0.00094887,             0.00094887
                     76,                 0.3591,                0.21031,                0.80046,                0.99889,                      1,                  0.995,                0.90061,                0.32133,                0.17963,                0.76573,             0.00094475,             0.00094475,             0.00094475
                     77,                0.36843,                0.21509,                0.79932,                0.99868,                      1,                  0.995,                0.90854,                0.32789,                0.18435,                0.76762,             0.00094062,             0.00094062,             0.00094062
                     78,                0.35804,                0.21381,                0.79911,                0.99871,                      1,                  0.995,                0.89953,                0.32519,                0.18763,                0.76596,              0.0009365,              0.0009365,              0.0009365
                     79,                0.36158,                0.21407,                0.79912,                0.99861,                      1,                  0.995,                0.89583,                0.32261,                0.19007,                0.76707,             0.00093238,             0.00093238,             0.00093238
                     80,                0.36813,                 0.2163,                0.79441,                0.99878,                      1,                  0.995,                0.90118,                0.31692,                0.17984,                0.76674,             0.00092825,             0.00092825,             0.00092825
                     81,                0.36236,                0.21296,                0.80022,                0.99857,                      1,                  0.995,                0.89558,                0.32775,                0.17889,                0.76637,             0.00092413,             0.00092413,             0.00092413
                     82,                 0.3686,                0.21582,                0.80107,                0.99889,                      1,                  0.995,                0.90807,                0.32309,                0.18631,                0.76644,                0.00092,                0.00092,                0.00092
                     83,                0.37446,                0.22091,                0.80403,                0.99854,                      1,                  0.995,                0.90083,                0.33561,                0.18246,                0.76722,             0.00091588,             0.00091588,             0.00091588
                     84,                0.35744,                0.21268,                0.79577,                0.99914,                      1,                  0.995,                0.89784,                0.32271,                0.18702,                 0.7639,             0.00091175,             0.00091175,             0.00091175
                     85,                0.36238,                0.21109,                0.79984,                0.99896,                      1,                  0.995,                0.88007,                 0.3495,                 0.1813,                0.76811,             0.00090763,             0.00090763,             0.00090763
                     86,                0.35803,                0.21044,                0.80132,                 0.9984,                      1,                  0.995,                0.89234,                0.33814,                0.18452,                0.76731,              0.0009035,              0.0009035,              0.0009035
                     87,                0.35712,                0.21218,                0.79587,                0.99836,                      1,                  0.995,                0.90559,                0.32298,                0.17996,                0.76523,             0.00089938,             0.00089938,             0.00089938
                     88,                0.35525,                0.21161,                0.79889,                0.99839,                      1,                  0.995,                 0.9029,                0.32876,                0.18237,                0.76659,             0.00089525,             0.00089525,             0.00089525
                     89,                0.36112,                0.21367,                0.79612,                0.99857,                      1,                  0.995,                0.90473,                0.30792,                0.16662,                0.76522,             0.00089112,             0.00089112,             0.00089112
                     90,                0.35406,                0.21276,                 0.8015,                0.99848,                      1,                  0.995,                0.88996,                0.32748,                0.18154,                 0.7674,               0.000887,               0.000887,               0.000887
                     91,                0.36564,                0.21247,                0.79784,                0.99872,                      1,                  0.995,                0.91467,                0.30574,                0.17381,                 0.7638,             0.00088288,             0.00088288,             0.00088288
                     92,                0.35441,                0.20998,                0.79531,                0.99865,                      1,                  0.995,                0.90731,                0.31668,                0.17086,                0.76627,             0.00087875,             0.00087875,             0.00087875
                     93,                0.36304,                0.21191,                0.79857,                0.99844,                      1,                  0.995,                 0.9029,                0.32798,                0.18987,                0.76614,             0.00087462,             0.00087462,             0.00087462
                     94,                0.36174,                0.21253,                0.79996,                0.99874,                      1,                  0.995,                0.90796,                0.32011,                0.16887,                0.76525,              0.0008705,              0.0008705,              0.0008705
                     95,                0.36099,                0.21229,                0.79334,                 0.9991,                      1,                  0.995,                0.89849,                0.32582,                0.17509,                 0.7655,             0.00086637,             0.00086637,             0.00086637
                     96,                 0.3547,                0.20885,                0.79933,                0.99845,                      1,                  0.995,                0.89863,                 0.3206,                0.17222,                0.76539,             0.00086225,             0.00086225,             0.00086225
                     97,                0.36406,                0.21111,                    0.8,                0.99869,                      1,                  0.995,                0.88997,                0.33213,                0.17083,                0.76891,             0.00085813,             0.00085813,             0.00085813
                     98,                 0.3525,                0.20782,                0.80241,                0.99857,                      1,                  0.995,                0.89111,                0.32783,                0.17466,                0.76764,               0.000854,               0.000854,               0.000854
                     99,                0.36086,                0.21091,                0.79732,                0.99846,                      1,                  0.995,                0.88469,                0.34648,                0.18116,                0.76915,             0.00084988,             0.00084988,             0.00084988
                    100,                 0.3576,                 0.2093,                0.79416,                0.99855,                      1,                  0.995,                0.89397,                0.31878,                0.17308,                0.76539,             0.00084575,             0.00084575,             0.00084575
                    101,                0.36377,                0.20892,                0.80079,                0.99857,                      1,                  0.995,                0.90059,                0.32105,                0.17378,                0.76814,             0.00084162,             0.00084162,             0.00084162
                    102,                0.35059,                 0.2068,                 0.7984,                0.99852,                      1,                  0.995,                 0.8883,                 0.3328,                0.16925,                0.76668,              0.0008375,              0.0008375,              0.0008375
                    103,                0.35236,                0.20947,                0.79993,                0.99852,                      1,                  0.995,                0.90426,                0.31198,                0.16987,                0.76478,             0.00083337,             0.00083337,             0.00083337
                    104,                0.34786,                 0.2059,                0.79556,                0.99867,                      1,                  0.995,                0.87861,                0.34418,                0.18684,                0.76861,             0.00082925,             0.00082925,             0.00082925
                    105,                0.35055,                 0.2068,                 0.7917,                0.99913,                      1,                  0.995,                0.88999,                0.33495,                0.17884,                 0.7692,             0.00082513,             0.00082513,             0.00082513
                    106,                0.34411,                0.20326,                0.80055,                0.99915,                      1,                  0.995,                0.88972,                0.33888,                0.17818,                0.76643,               0.000821,               0.000821,               0.000821
                    107,                0.34641,                0.20635,                0.79526,                0.99867,                      1,                  0.995,                0.89569,                0.33465,                0.18869,                0.76777,             0.00081688,             0.00081688,             0.00081688
                    108,                0.35601,                0.21103,                0.79917,                0.99878,                      1,                  0.995,                0.89718,                0.32844,                0.17498,                0.76546,             0.00081275,             0.00081275,             0.00081275
                    109,                0.35351,                0.21043,                0.80119,                 0.9986,                      1,                  0.995,                0.88251,                0.34618,                0.17771,                0.77002,             0.00080863,             0.00080863,             0.00080863
                    110,                0.35074,                0.20684,                0.80273,                0.99928,                      1,                  0.995,                0.88075,                0.33653,                0.17877,                0.76801,              0.0008045,              0.0008045,              0.0008045
                    111,                0.36103,                0.21369,                 0.7998,                0.99937,                      1,                  0.995,                0.89777,                0.32327,                0.17119,                0.76862,             0.00080038,             0.00080038,             0.00080038
                    112,                0.35388,                0.20703,                0.79823,                0.99968,                      1,                  0.995,                0.88521,                0.33736,                0.18813,                0.76544,             0.00079625,             0.00079625,             0.00079625
                    113,                0.35033,                  0.204,                 0.8003,                0.99875,                      1,                  0.995,                0.90088,                0.32313,                0.17515,                0.76691,             0.00079213,             0.00079213,             0.00079213
                    114,                0.34968,                0.20318,                0.79853,                0.99851,                      1,                  0.995,                0.88401,                0.33775,                0.17068,                0.76734,               0.000788,               0.000788,               0.000788
                    115,                0.35332,                0.20178,                0.79122,                0.99971,                      1,                  0.995,                 0.9033,                 0.3209,                0.17603,                0.76517,             0.00078387,             0.00078387,             0.00078387
                    116,                0.34748,                0.20269,                 0.7989,                0.99973,                      1,                  0.995,                0.89325,                0.33943,                0.17455,                0.76757,             0.00077975,             0.00077975,             0.00077975
                    117,                0.35159,                 0.2067,                 0.7968,                0.99894,                      1,                  0.995,                0.90675,                0.33092,                0.18001,                0.76791,             0.00077563,             0.00077563,             0.00077563
                    118,                0.34818,                 0.2057,                0.79248,                0.99874,                      1,                  0.995,                0.89511,                0.32524,                0.17135,                 0.7667,              0.0007715,              0.0007715,              0.0007715
                    119,                0.34833,                0.20242,                0.79676,                0.99863,                      1,                  0.995,                0.89156,                0.32696,                0.16483,                0.76585,             0.00076738,             0.00076738,             0.00076738
                    120,                0.34799,                0.20021,                0.79629,                0.99903,                      1,                  0.995,                0.90895,                0.31737,                0.18017,                0.76414,             0.00076325,             0.00076325,             0.00076325
                    121,                0.36523,                 0.2087,                0.79859,                0.99897,                      1,                  0.995,                0.90384,                0.32569,                0.17366,                0.76521,             0.00075912,             0.00075912,             0.00075912
                    122,                0.35606,                0.20366,                0.79523,                0.99838,                      1,                  0.995,                0.89954,                0.33954,                0.18112,                0.76859,               0.000755,               0.000755,               0.000755
                    123,                0.34514,                0.20377,                0.79782,                 0.9984,                      1,                  0.995,                0.89748,                0.33344,                0.17888,                0.76864,             0.00075088,             0.00075088,             0.00075088
                    124,                0.34569,                0.20234,                0.79751,                0.99865,                      1,                  0.995,                0.90271,                 0.3234,                0.17764,                0.76762,             0.00074675,             0.00074675,             0.00074675
                    125,                0.35171,                0.20762,                0.79875,                0.99869,                      1,                  0.995,                0.87488,                0.33751,                0.18274,                0.76897,             0.00074263,             0.00074263,             0.00074263
                    126,                0.34908,                 0.1983,                0.79728,                0.99779,                      1,                  0.995,                0.89779,                0.32301,                0.17564,                0.76535,              0.0007385,              0.0007385,              0.0007385
                    127,                0.35331,                0.20844,                0.79739,                0.99917,                      1,                  0.995,                0.89423,                0.32877,                0.17789,                0.76664,             0.00073437,             0.00073437,             0.00073437
                    128,                 0.3528,                0.20296,                0.79678,                0.99846,                      1,                  0.995,                0.88853,                0.34512,                0.17949,                0.76816,             0.00073025,             0.00073025,             0.00073025
                    129,                0.34888,                0.20169,                 0.7936,                0.99851,                      1,                  0.995,                0.90161,                0.30907,                0.16584,                0.76394,             0.00072612,             0.00072612,             0.00072612
                    130,                 0.3371,                0.19624,                0.79579,                0.99873,                      1,                  0.995,                0.90228,                 0.3183,                0.16319,                  0.764,               0.000722,               0.000722,               0.000722
                    131,                0.34615,                 0.1973,                0.79329,                0.99916,                      1,                  0.995,                0.90308,                0.31514,                0.16717,                0.76619,             0.00071788,             0.00071788,             0.00071788
                    132,                0.35084,                0.20239,                0.79439,                0.99879,                      1,                  0.995,                0.90027,                0.33407,                0.17206,                 0.7687,             0.00071375,             0.00071375,             0.00071375
                    133,                0.34811,                 0.1984,                 0.7958,                0.99876,                      1,                  0.995,                  0.907,                0.32822,                0.17265,                0.76645,             0.00070962,             0.00070962,             0.00070962
                    134,                0.34408,                0.19601,                0.79185,                0.99855,                      1,                  0.995,                 0.8957,                0.33128,                0.16977,                0.76701,              0.0007055,              0.0007055,              0.0007055
                    135,                0.34243,                 0.1991,                0.79542,                0.99856,                      1,                  0.995,                0.89664,                 0.3185,                0.16904,                0.76489,             0.00070137,             0.00070137,             0.00070137
                    136,                0.33617,                0.19702,                0.79545,                0.99866,                      1,                  0.995,                0.90379,                0.33636,                0.17422,                0.76676,             0.00069725,             0.00069725,             0.00069725
                    137,                0.34093,                0.19767,                0.79601,                0.99841,                      1,                  0.995,                0.89345,                   0.32,                0.17727,                0.76577,             0.00069313,             0.00069313,             0.00069313
                    138,                0.34724,                0.20244,                0.79177,                0.99904,                      1,                  0.995,                 0.8933,                0.32163,                0.17819,                0.76497,               0.000689,               0.000689,               0.000689
                    139,                 0.3484,                 0.1997,                  0.793,                0.99909,                      1,                  0.995,                0.90159,                0.32349,                0.17475,                0.76493,             0.00068488,             0.00068488,             0.00068488
                    140,                 0.3362,                0.19459,                0.79364,                0.99853,                      1,                  0.995,                 0.9027,                0.31218,                0.16463,                0.76383,             0.00068075,             0.00068075,             0.00068075
                    141,                0.34077,                0.19596,                0.79634,                0.99888,                      1,                  0.995,                0.90215,                0.31726,                0.16854,                0.76438,             0.00067663,             0.00067663,             0.00067663
                    142,                0.34077,                 0.1932,                0.79782,                0.99904,                      1,                  0.995,                0.88913,                0.32662,                0.16984,                0.76676,              0.0006725,              0.0006725,              0.0006725
                    143,                0.34107,                0.19481,                  0.797,                0.99908,                      1,                  0.995,                0.89637,                0.32511,                0.16818,                0.76554,             0.00066838,             0.00066838,             0.00066838
                    144,                0.33846,                0.19617,                0.79873,                0.99904,                      1,                  0.995,                0.89947,                0.31682,                0.16972,                0.76405,             0.00066425,             0.00066425,             0.00066425
                    145,                0.33635,                0.19383,                0.79897,                0.99871,                      1,                  0.995,                0.90134,                0.32397,                 0.1709,                0.76507,             0.00066013,             0.00066013,             0.00066013
                    146,                0.33391,                 0.1913,                0.78975,                 0.9986,                      1,                  0.995,                0.90481,                0.31592,                0.16645,                0.76563,               0.000656,               0.000656,               0.000656
                    147,                0.33961,                0.19542,                0.79496,                 0.9991,                      1,                  0.995,                0.90633,                0.32064,                0.15856,                0.76571,             0.00065188,             0.00065188,             0.00065188
                    148,                0.33801,                0.19795,                0.79279,                 0.9987,                      1,                  0.995,                0.90009,                0.32732,                0.16535,                0.76616,             0.00064775,             0.00064775,             0.00064775
                    149,                0.33792,                0.19497,                0.79784,                0.99914,                      1,                  0.995,                0.90262,                0.31161,                0.16177,                0.76468,             0.00064362,             0.00064362,             0.00064362
                    150,                0.33281,                0.19221,                0.79518,                0.99842,                      1,                  0.995,                0.90192,                0.32025,                0.16151,                0.76546,              0.0006395,              0.0006395,              0.0006395
                    151,                0.33606,                0.19427,                 0.7963,                0.99929,                      1,                  0.995,                0.90075,                0.31622,                0.16366,                0.76471,             0.00063538,             0.00063538,             0.00063538
                    152,                0.32806,                 0.1905,                0.79327,                0.99941,                      1,                  0.995,                0.90717,                0.31927,                0.16779,                0.76634,             0.00063125,             0.00063125,             0.00063125
                    153,                0.33602,                0.19322,                0.79236,                0.99919,                      1,                  0.995,                0.89774,                0.31658,                0.16882,                0.76356,             0.00062713,             0.00062713,             0.00062713
                    154,                0.34297,                0.19659,                0.78949,                0.99911,                      1,                  0.995,                0.89998,                 0.3229,                0.16915,                0.76483,               0.000623,               0.000623,               0.000623
                    155,                0.34018,                0.19639,                0.80246,                0.99914,                      1,                  0.995,                0.90337,                0.31344,                0.16991,                0.76341,             0.00061887,             0.00061887,             0.00061887
                    156,                0.33339,                0.18932,                0.79239,                 0.9997,                      1,                  0.995,                0.89717,                0.33136,                0.16847,                0.76623,             0.00061475,             0.00061475,             0.00061475
                    157,                 0.3338,                 0.1927,                0.79611,                0.99956,                      1,                  0.995,                 0.9081,                0.33064,                0.16444,                0.76615,             0.00061062,             0.00061062,             0.00061062
                    158,                0.33257,                0.18994,                0.79648,                0.99877,                      1,                  0.995,                 0.8943,                0.33339,                0.15919,                0.76638,              0.0006065,              0.0006065,              0.0006065
                    159,                 0.3363,                0.19438,                0.78963,                0.99913,                      1,                  0.995,                0.90305,                  0.326,                 0.1712,                0.76661,             0.00060238,             0.00060238,             0.00060238
                    160,                0.33008,                0.19013,                0.79677,                0.99899,                      1,                  0.995,                0.90372,                0.32454,                 0.1644,                0.76628,             0.00059825,             0.00059825,             0.00059825
                    161,                0.33379,                0.18765,                0.79496,                0.99901,                      1,                  0.995,                0.90799,                0.32252,                0.16468,                0.76471,             0.00059413,             0.00059413,             0.00059413
                    162,                0.33671,                0.19441,                0.79971,                0.99905,                      1,                  0.995,                0.90808,                 0.3207,                0.15846,                0.76665,                0.00059,                0.00059,                0.00059
                    163,                0.32802,                0.18951,                0.79106,                0.99877,                      1,                  0.995,                0.90944,                0.32994,                0.16914,                 0.7661,             0.00058588,             0.00058588,             0.00058588
                    164,                0.32885,                0.18793,                0.79325,                0.99896,                      1,                  0.995,                0.90132,                0.31939,                0.17152,                 0.7652,             0.00058175,             0.00058175,             0.00058175
                    165,                0.33045,                 0.1911,                0.79532,                0.99918,                      1,                  0.995,                0.89319,                0.33342,                 0.1718,                 0.7662,             0.00057763,             0.00057763,             0.00057763
                    166,                0.33941,                 0.1918,                0.79642,                0.99919,                      1,                  0.995,                 0.8992,                 0.3202,                0.16035,                0.76501,              0.0005735,              0.0005735,              0.0005735
                    167,                0.32392,                0.18776,                0.79151,                0.99941,                      1,                  0.995,                0.90545,                0.31435,                0.16553,                0.76364,             0.00056938,             0.00056938,             0.00056938
                    168,                 0.3278,                0.18933,                 0.7915,                 0.9994,                      1,                  0.995,                0.89783,                0.33889,                0.17191,                 0.7672,             0.00056525,             0.00056525,             0.00056525
                    169,                0.33224,                0.19138,                0.79429,                0.99937,                      1,                  0.995,                0.90459,                0.32862,                0.16593,                0.76609,             0.00056112,             0.00056112,             0.00056112
                    170,                0.32507,                0.18695,                 0.7965,                0.99907,                      1,                  0.995,                 0.9012,                0.32412,                0.16794,                0.76679,               0.000557,               0.000557,               0.000557
                    171,                0.33043,                0.18761,                0.79381,                0.99838,                      1,                  0.995,                0.90618,                0.31749,                0.16777,                0.76457,             0.00055287,             0.00055287,             0.00055287
                    172,                0.32747,                0.18647,                0.79068,                0.99843,                      1,                  0.995,                0.90629,                0.31973,                0.16208,                0.76697,             0.00054875,             0.00054875,             0.00054875
                    173,                0.32448,                0.18543,                0.79279,                0.99825,                      1,                  0.995,                0.89684,                0.33055,                0.16438,                0.76759,             0.00054463,             0.00054463,             0.00054463
                    174,                0.32606,                0.18403,                0.79622,                 0.9986,                      1,                  0.995,                0.89733,                0.32898,                0.16245,                 0.7675,              0.0005405,              0.0005405,              0.0005405
                    175,                0.33206,                0.18607,                0.79482,                0.99912,                      1,                  0.995,                0.90028,                0.32522,                0.16278,                0.76779,             0.00053638,             0.00053638,             0.00053638
                    176,                  0.328,                0.18464,                  0.794,                0.99824,                      1,                  0.995,                0.90524,                0.32293,                0.16009,                0.76488,             0.00053225,             0.00053225,             0.00053225
                    177,                0.32381,                 0.1864,                 0.7931,                0.99915,                      1,                  0.995,                0.90068,                0.33375,                0.16803,                0.76795,             0.00052812,             0.00052812,             0.00052812
                    178,                 0.3238,                0.18494,                0.79166,                0.99882,                      1,                  0.995,                0.91089,                0.32814,                0.17096,                0.76459,               0.000524,               0.000524,               0.000524
                    179,                0.32988,                0.18764,                0.79131,                0.99862,                      1,                  0.995,                0.91173,                0.32591,                0.16438,                0.76527,             0.00051988,             0.00051988,             0.00051988
                    180,                0.33717,                 0.1888,                0.80046,                0.99843,                      1,                  0.995,                0.90773,                0.32974,                 0.1704,                 0.7661,             0.00051575,             0.00051575,             0.00051575
                    181,                0.32246,                 0.1859,                0.79551,                0.99864,                      1,                  0.995,                 0.9057,                 0.3229,                0.16736,                0.76424,             0.00051163,             0.00051163,             0.00051163
                    182,                0.32337,                0.18662,                0.79339,                0.99868,                      1,                  0.995,                0.90789,                0.32811,                 0.1681,                0.76422,              0.0005075,              0.0005075,              0.0005075
                    183,                0.32903,                 0.1877,                0.78965,                0.99851,                      1,                  0.995,                0.90887,                0.31272,                0.16167,                0.76377,             0.00050337,             0.00050337,             0.00050337
                    184,                0.32979,                0.18849,                0.79246,                0.99859,                      1,                  0.995,                0.90343,                0.33241,                0.16672,                0.76714,             0.00049925,             0.00049925,             0.00049925
                    185,                0.32434,                0.18564,                0.79276,                0.99869,                      1,                  0.995,                0.90761,                0.32274,                0.16217,                0.76526,             0.00049513,             0.00049513,             0.00049513
                    186,                0.32459,                 0.1827,                0.79254,                0.99873,                      1,                  0.995,                0.90887,                0.33229,                0.16742,                0.76584,               0.000491,               0.000491,               0.000491
                    187,                0.32465,                 0.1851,                 0.7953,                0.99923,                      1,                  0.995,                0.91092,                0.33159,                0.16872,                0.76403,             0.00048687,             0.00048687,             0.00048687
                    188,                0.32771,                0.18651,                0.79775,                 0.9991,                      1,                  0.995,                0.90149,                0.34467,                 0.1713,                0.76776,             0.00048275,             0.00048275,             0.00048275
                    189,                0.32345,                0.18493,                0.79578,                0.99939,                      1,                  0.995,                0.90013,                0.33843,                0.16788,                 0.7666,             0.00047863,             0.00047863,             0.00047863
                    190,                0.32315,                0.18414,                0.79177,                 0.9994,                      1,                  0.995,                0.90688,                0.33209,                 0.1665,                0.76553,              0.0004745,              0.0004745,              0.0004745
                    191,                0.32375,                0.18333,                0.79336,                      1,                      1,                  0.995,                0.89926,                0.33734,                0.17141,                0.76706,             0.00047038,             0.00047038,             0.00047038
